"Albañilería y construcción","albalineriayconstruccion.jpg"
"Arte y artesanía","arteyartesania.jpg"
"Cocina","cocina.jpg"
"Compras y comercio","comprasycomercio.jpg"
"Cuidado de animales","cuidadoanimales.jpg"
"Cuidado de personas","cuidadopersonas.jpg"
"Deportes y animación","deportesyanimacion.jpg"
"Diseño gráfico","disenografico.jpg"
"Enseñanza","ensenanza.jpg"
"Informática","informatica.jpg"
"Música y entretenimiento","musicayentretenimiento.jpg"
"Psicopedagogía y terapia","psicopedagogiayterapia.jpg"
"Salud","salud.jpg"
"Servicio técnico","serviciotecnico.jpg"
"Servicios de empresa","servicioempresa.jpg"
"Trabajos del hogar","trabajohogar.jpg"